<?xml version="1.0" encoding="UTF-8" standalone="yes"?>
<addon id="repository.doomzday" name="Doomzday Repo" version="1.0.7" provider-name="DD Team">
    <requires>
        <import addon="xbmc.addon" version="12.0.0"/>
    </requires>
    <extension point="xbmc.addon.repository" name="Doomzday Repo">
        <info compressed="false">https://raw.githubusercontent.com/doomzdayteam/repo/master/_zipfiles/addons.xml</info>
        <checksum>https://raw.githubusercontent.com/doomzdayteam/repo/master/_zipfiles/addons.xml.md5</checksum>
        <datadir zip="true">https://raw.githubusercontent.com/doomzdayteam/repo/master/_zipfiles/</datadir>
        <hashes>false</hashes>
		<dir>
            <info compressed="false">https://raw.githubusercontent.com/teamuniversal/scrapers/master/_modules4all/zips/addons.xml</info>
            <checksum>https://raw.githubusercontent.com/teamuniversal/scrapers/master/_modules4all/zips/addons.xml.md5</checksum>
            <datadir zip="true">https://raw.githubusercontent.com/teamuniversal/scrapers/master/_modules4all/zips/</datadir>
        </dir>
        <dir>
           <info compressed="false">https://raw.githubusercontent.com/Gujal00/smrzips/master/addons.xml</info>
			<checksum>https://raw.githubusercontent.com/Gujal00/smrzips/master/addons.xml.md5</checksum>
			<datadir zip="true">https://raw.githubusercontent.com/Gujal00/smrzips/master/zips/</datadir>
        </dir>
    </extension>
    <extension point="xbmc.addon.metadata">
        <summary lang="en_GB">Doomzday Repository</summary>
        <description lang="en_GB">Repo from the Doomzday Team for you.</description>
        <platform>all</platform>
        <assets>
			<icon>icon.png</icon>
			<fanart>fanart.jpg</fanart>
        </assets>
    </extension>
</addon>